--
-- PostgreSQL database dump
--

-- Dumped from database version 15.13 (Debian 15.13-1.pgdg120+1)
-- Dumped by pg_dump version 15.13 (Debian 15.13-1.pgdg120+1)

SET statement_timeout = 0;
SET lock_timeout = 0;
SET idle_in_transaction_session_timeout = 0;
SET client_encoding = 'UTF8';
SET standard_conforming_strings = on;
SELECT pg_catalog.set_config('search_path', '', false);
SET check_function_bodies = false;
SET xmloption = content;
SET client_min_messages = warning;
SET row_security = off;

--
-- Name: public; Type: SCHEMA; Schema: -; Owner: irrnet_admin
--

-- *not* creating schema, since initdb creates it


ALTER SCHEMA public OWNER TO irrnet_admin;

--
-- Name: SCHEMA public; Type: COMMENT; Schema: -; Owner: irrnet_admin
--

COMMENT ON SCHEMA public IS '';


SET default_tablespace = '';

SET default_table_access_method = heap;

--
-- Name: assetmanager_asset; Type: TABLE; Schema: public; Owner: irrnet_admin
--

CREATE TABLE public.assetmanager_asset (
    id bigint NOT NULL,
    name character varying(100) NOT NULL,
    created_at timestamp with time zone NOT NULL,
    updated_at timestamp with time zone NOT NULL,
    checked_out_to_branch_id bigint,
    checked_out_to_user_id integer,
    asset_type_id bigint NOT NULL,
    model_type_id bigint NOT NULL,
    status_type_id bigint NOT NULL
);


ALTER TABLE public.assetmanager_asset OWNER TO irrnet_admin;

--
-- Name: assetmanager_asset_id_seq; Type: SEQUENCE; Schema: public; Owner: irrnet_admin
--

ALTER TABLE public.assetmanager_asset ALTER COLUMN id ADD GENERATED BY DEFAULT AS IDENTITY (
    SEQUENCE NAME public.assetmanager_asset_id_seq
    START WITH 1
    INCREMENT BY 1
    NO MINVALUE
    NO MAXVALUE
    CACHE 1
);


--
-- Name: assetmanager_assettype; Type: TABLE; Schema: public; Owner: irrnet_admin
--

CREATE TABLE public.assetmanager_assettype (
    id bigint NOT NULL,
    name character varying(100) NOT NULL,
    created_at timestamp with time zone NOT NULL,
    updated_at timestamp with time zone NOT NULL
);


ALTER TABLE public.assetmanager_assettype OWNER TO irrnet_admin;

--
-- Name: assetmanager_assettype_id_seq; Type: SEQUENCE; Schema: public; Owner: irrnet_admin
--

ALTER TABLE public.assetmanager_assettype ALTER COLUMN id ADD GENERATED BY DEFAULT AS IDENTITY (
    SEQUENCE NAME public.assetmanager_assettype_id_seq
    START WITH 1
    INCREMENT BY 1
    NO MINVALUE
    NO MAXVALUE
    CACHE 1
);


--
-- Name: assetmanager_brand; Type: TABLE; Schema: public; Owner: irrnet_admin
--

CREATE TABLE public.assetmanager_brand (
    id bigint NOT NULL,
    name character varying(100) NOT NULL,
    created_at timestamp with time zone NOT NULL,
    updated_at timestamp with time zone NOT NULL
);


ALTER TABLE public.assetmanager_brand OWNER TO irrnet_admin;

--
-- Name: assetmanager_brand_id_seq; Type: SEQUENCE; Schema: public; Owner: irrnet_admin
--

ALTER TABLE public.assetmanager_brand ALTER COLUMN id ADD GENERATED BY DEFAULT AS IDENTITY (
    SEQUENCE NAME public.assetmanager_brand_id_seq
    START WITH 1
    INCREMENT BY 1
    NO MINVALUE
    NO MAXVALUE
    CACHE 1
);


--
-- Name: assetmanager_modeltype; Type: TABLE; Schema: public; Owner: irrnet_admin
--

CREATE TABLE public.assetmanager_modeltype (
    id bigint NOT NULL,
    name character varying(100) NOT NULL,
    created_at timestamp with time zone NOT NULL,
    updated_at timestamp with time zone NOT NULL,
    brand_id bigint NOT NULL
);


ALTER TABLE public.assetmanager_modeltype OWNER TO irrnet_admin;

--
-- Name: assetmanager_modeltype_id_seq; Type: SEQUENCE; Schema: public; Owner: irrnet_admin
--

ALTER TABLE public.assetmanager_modeltype ALTER COLUMN id ADD GENERATED BY DEFAULT AS IDENTITY (
    SEQUENCE NAME public.assetmanager_modeltype_id_seq
    START WITH 1
    INCREMENT BY 1
    NO MINVALUE
    NO MAXVALUE
    CACHE 1
);


--
-- Name: assetmanager_status; Type: TABLE; Schema: public; Owner: irrnet_admin
--

CREATE TABLE public.assetmanager_status (
    id bigint NOT NULL,
    name character varying(100) NOT NULL,
    code character varying(50) NOT NULL,
    color character varying(7) NOT NULL,
    created_at timestamp with time zone NOT NULL
);


ALTER TABLE public.assetmanager_status OWNER TO irrnet_admin;

--
-- Name: assetmanager_status_id_seq; Type: SEQUENCE; Schema: public; Owner: irrnet_admin
--

ALTER TABLE public.assetmanager_status ALTER COLUMN id ADD GENERATED BY DEFAULT AS IDENTITY (
    SEQUENCE NAME public.assetmanager_status_id_seq
    START WITH 1
    INCREMENT BY 1
    NO MINVALUE
    NO MAXVALUE
    CACHE 1
);


--
-- Name: auth_group; Type: TABLE; Schema: public; Owner: irrnet_admin
--

CREATE TABLE public.auth_group (
    id integer NOT NULL,
    name character varying(150) NOT NULL
);


ALTER TABLE public.auth_group OWNER TO irrnet_admin;

--
-- Name: auth_group_id_seq; Type: SEQUENCE; Schema: public; Owner: irrnet_admin
--

ALTER TABLE public.auth_group ALTER COLUMN id ADD GENERATED BY DEFAULT AS IDENTITY (
    SEQUENCE NAME public.auth_group_id_seq
    START WITH 1
    INCREMENT BY 1
    NO MINVALUE
    NO MAXVALUE
    CACHE 1
);


--
-- Name: auth_group_permissions; Type: TABLE; Schema: public; Owner: irrnet_admin
--

CREATE TABLE public.auth_group_permissions (
    id bigint NOT NULL,
    group_id integer NOT NULL,
    permission_id integer NOT NULL
);


ALTER TABLE public.auth_group_permissions OWNER TO irrnet_admin;

--
-- Name: auth_group_permissions_id_seq; Type: SEQUENCE; Schema: public; Owner: irrnet_admin
--

ALTER TABLE public.auth_group_permissions ALTER COLUMN id ADD GENERATED BY DEFAULT AS IDENTITY (
    SEQUENCE NAME public.auth_group_permissions_id_seq
    START WITH 1
    INCREMENT BY 1
    NO MINVALUE
    NO MAXVALUE
    CACHE 1
);


--
-- Name: auth_permission; Type: TABLE; Schema: public; Owner: irrnet_admin
--

CREATE TABLE public.auth_permission (
    id integer NOT NULL,
    name character varying(255) NOT NULL,
    content_type_id integer NOT NULL,
    codename character varying(100) NOT NULL
);


ALTER TABLE public.auth_permission OWNER TO irrnet_admin;

--
-- Name: auth_permission_id_seq; Type: SEQUENCE; Schema: public; Owner: irrnet_admin
--

ALTER TABLE public.auth_permission ALTER COLUMN id ADD GENERATED BY DEFAULT AS IDENTITY (
    SEQUENCE NAME public.auth_permission_id_seq
    START WITH 1
    INCREMENT BY 1
    NO MINVALUE
    NO MAXVALUE
    CACHE 1
);


--
-- Name: auth_user; Type: TABLE; Schema: public; Owner: irrnet_admin
--

CREATE TABLE public.auth_user (
    id integer NOT NULL,
    password character varying(128) NOT NULL,
    last_login timestamp with time zone,
    is_superuser boolean NOT NULL,
    username character varying(150) NOT NULL,
    first_name character varying(150) NOT NULL,
    last_name character varying(150) NOT NULL,
    email character varying(254) NOT NULL,
    is_staff boolean NOT NULL,
    is_active boolean NOT NULL,
    date_joined timestamp with time zone NOT NULL
);


ALTER TABLE public.auth_user OWNER TO irrnet_admin;

--
-- Name: auth_user_groups; Type: TABLE; Schema: public; Owner: irrnet_admin
--

CREATE TABLE public.auth_user_groups (
    id bigint NOT NULL,
    user_id integer NOT NULL,
    group_id integer NOT NULL
);


ALTER TABLE public.auth_user_groups OWNER TO irrnet_admin;

--
-- Name: auth_user_groups_id_seq; Type: SEQUENCE; Schema: public; Owner: irrnet_admin
--

ALTER TABLE public.auth_user_groups ALTER COLUMN id ADD GENERATED BY DEFAULT AS IDENTITY (
    SEQUENCE NAME public.auth_user_groups_id_seq
    START WITH 1
    INCREMENT BY 1
    NO MINVALUE
    NO MAXVALUE
    CACHE 1
);


--
-- Name: auth_user_id_seq; Type: SEQUENCE; Schema: public; Owner: irrnet_admin
--

ALTER TABLE public.auth_user ALTER COLUMN id ADD GENERATED BY DEFAULT AS IDENTITY (
    SEQUENCE NAME public.auth_user_id_seq
    START WITH 1
    INCREMENT BY 1
    NO MINVALUE
    NO MAXVALUE
    CACHE 1
);


--
-- Name: auth_user_user_permissions; Type: TABLE; Schema: public; Owner: irrnet_admin
--

CREATE TABLE public.auth_user_user_permissions (
    id bigint NOT NULL,
    user_id integer NOT NULL,
    permission_id integer NOT NULL
);


ALTER TABLE public.auth_user_user_permissions OWNER TO irrnet_admin;

--
-- Name: auth_user_user_permissions_id_seq; Type: SEQUENCE; Schema: public; Owner: irrnet_admin
--

ALTER TABLE public.auth_user_user_permissions ALTER COLUMN id ADD GENERATED BY DEFAULT AS IDENTITY (
    SEQUENCE NAME public.auth_user_user_permissions_id_seq
    START WITH 1
    INCREMENT BY 1
    NO MINVALUE
    NO MAXVALUE
    CACHE 1
);


--
-- Name: core_branch; Type: TABLE; Schema: public; Owner: irrnet_admin
--

CREATE TABLE public.core_branch (
    id bigint NOT NULL,
    location_number character varying(20) NOT NULL,
    name character varying(100) NOT NULL,
    address text NOT NULL,
    city character varying(50) NOT NULL,
    state character varying(50) NOT NULL,
    zip_code character varying(10) NOT NULL,
    phone character varying(20) NOT NULL,
    region_id bigint
);


ALTER TABLE public.core_branch OWNER TO irrnet_admin;

--
-- Name: core_branch_id_seq; Type: SEQUENCE; Schema: public; Owner: irrnet_admin
--

ALTER TABLE public.core_branch ALTER COLUMN id ADD GENERATED BY DEFAULT AS IDENTITY (
    SEQUENCE NAME public.core_branch_id_seq
    START WITH 1
    INCREMENT BY 1
    NO MINVALUE
    NO MAXVALUE
    CACHE 1
);


--
-- Name: core_department; Type: TABLE; Schema: public; Owner: irrnet_admin
--

CREATE TABLE public.core_department (
    id bigint NOT NULL,
    name character varying(100) NOT NULL,
    slug character varying(50) NOT NULL
);


ALTER TABLE public.core_department OWNER TO irrnet_admin;

--
-- Name: core_department_id_seq; Type: SEQUENCE; Schema: public; Owner: irrnet_admin
--

ALTER TABLE public.core_department ALTER COLUMN id ADD GENERATED BY DEFAULT AS IDENTITY (
    SEQUENCE NAME public.core_department_id_seq
    START WITH 1
    INCREMENT BY 1
    NO MINVALUE
    NO MAXVALUE
    CACHE 1
);


--
-- Name: core_department_managers; Type: TABLE; Schema: public; Owner: irrnet_admin
--

CREATE TABLE public.core_department_managers (
    id bigint NOT NULL,
    department_id bigint NOT NULL,
    user_id integer NOT NULL
);


ALTER TABLE public.core_department_managers OWNER TO irrnet_admin;

--
-- Name: core_department_managers_id_seq; Type: SEQUENCE; Schema: public; Owner: irrnet_admin
--

ALTER TABLE public.core_department_managers ALTER COLUMN id ADD GENERATED BY DEFAULT AS IDENTITY (
    SEQUENCE NAME public.core_department_managers_id_seq
    START WITH 1
    INCREMENT BY 1
    NO MINVALUE
    NO MAXVALUE
    CACHE 1
);


--
-- Name: core_region; Type: TABLE; Schema: public; Owner: irrnet_admin
--

CREATE TABLE public.core_region (
    id bigint NOT NULL,
    name character varying(100) NOT NULL,
    code character varying(10) NOT NULL,
    description text NOT NULL,
    manager_id integer
);


ALTER TABLE public.core_region OWNER TO irrnet_admin;

--
-- Name: core_region_id_seq; Type: SEQUENCE; Schema: public; Owner: irrnet_admin
--

ALTER TABLE public.core_region ALTER COLUMN id ADD GENERATED BY DEFAULT AS IDENTITY (
    SEQUENCE NAME public.core_region_id_seq
    START WITH 1
    INCREMENT BY 1
    NO MINVALUE
    NO MAXVALUE
    CACHE 1
);


--
-- Name: core_role; Type: TABLE; Schema: public; Owner: irrnet_admin
--

CREATE TABLE public.core_role (
    id bigint NOT NULL,
    name character varying(100) NOT NULL,
    department_id bigint
);


ALTER TABLE public.core_role OWNER TO irrnet_admin;

--
-- Name: core_role_id_seq; Type: SEQUENCE; Schema: public; Owner: irrnet_admin
--

ALTER TABLE public.core_role ALTER COLUMN id ADD GENERATED BY DEFAULT AS IDENTITY (
    SEQUENCE NAME public.core_role_id_seq
    START WITH 1
    INCREMENT BY 1
    NO MINVALUE
    NO MAXVALUE
    CACHE 1
);


--
-- Name: core_userprofile; Type: TABLE; Schema: public; Owner: irrnet_admin
--

CREATE TABLE public.core_userprofile (
    id bigint NOT NULL,
    branch_id bigint NOT NULL,
    user_id integer NOT NULL,
    phone character varying(20) NOT NULL,
    department_id bigint,
    role_id bigint,
    extension integer NOT NULL
);


ALTER TABLE public.core_userprofile OWNER TO irrnet_admin;

--
-- Name: core_userprofile_id_seq; Type: SEQUENCE; Schema: public; Owner: irrnet_admin
--

ALTER TABLE public.core_userprofile ALTER COLUMN id ADD GENERATED BY DEFAULT AS IDENTITY (
    SEQUENCE NAME public.core_userprofile_id_seq
    START WITH 1
    INCREMENT BY 1
    NO MINVALUE
    NO MAXVALUE
    CACHE 1
);


--
-- Name: django_admin_log; Type: TABLE; Schema: public; Owner: irrnet_admin
--

CREATE TABLE public.django_admin_log (
    id integer NOT NULL,
    action_time timestamp with time zone NOT NULL,
    object_id text,
    object_repr character varying(200) NOT NULL,
    action_flag smallint NOT NULL,
    change_message text NOT NULL,
    content_type_id integer,
    user_id integer NOT NULL,
    CONSTRAINT django_admin_log_action_flag_check CHECK ((action_flag >= 0))
);


ALTER TABLE public.django_admin_log OWNER TO irrnet_admin;

--
-- Name: django_admin_log_id_seq; Type: SEQUENCE; Schema: public; Owner: irrnet_admin
--

ALTER TABLE public.django_admin_log ALTER COLUMN id ADD GENERATED BY DEFAULT AS IDENTITY (
    SEQUENCE NAME public.django_admin_log_id_seq
    START WITH 1
    INCREMENT BY 1
    NO MINVALUE
    NO MAXVALUE
    CACHE 1
);


--
-- Name: django_content_type; Type: TABLE; Schema: public; Owner: irrnet_admin
--

CREATE TABLE public.django_content_type (
    id integer NOT NULL,
    app_label character varying(100) NOT NULL,
    model character varying(100) NOT NULL
);


ALTER TABLE public.django_content_type OWNER TO irrnet_admin;

--
-- Name: django_content_type_id_seq; Type: SEQUENCE; Schema: public; Owner: irrnet_admin
--

ALTER TABLE public.django_content_type ALTER COLUMN id ADD GENERATED BY DEFAULT AS IDENTITY (
    SEQUENCE NAME public.django_content_type_id_seq
    START WITH 1
    INCREMENT BY 1
    NO MINVALUE
    NO MAXVALUE
    CACHE 1
);


--
-- Name: django_migrations; Type: TABLE; Schema: public; Owner: irrnet_admin
--

CREATE TABLE public.django_migrations (
    id bigint NOT NULL,
    app character varying(255) NOT NULL,
    name character varying(255) NOT NULL,
    applied timestamp with time zone NOT NULL
);


ALTER TABLE public.django_migrations OWNER TO irrnet_admin;

--
-- Name: django_migrations_id_seq; Type: SEQUENCE; Schema: public; Owner: irrnet_admin
--

ALTER TABLE public.django_migrations ALTER COLUMN id ADD GENERATED BY DEFAULT AS IDENTITY (
    SEQUENCE NAME public.django_migrations_id_seq
    START WITH 1
    INCREMENT BY 1
    NO MINVALUE
    NO MAXVALUE
    CACHE 1
);


--
-- Name: django_session; Type: TABLE; Schema: public; Owner: irrnet_admin
--

CREATE TABLE public.django_session (
    session_key character varying(40) NOT NULL,
    session_data text NOT NULL,
    expire_date timestamp with time zone NOT NULL
);


ALTER TABLE public.django_session OWNER TO irrnet_admin;

--
-- Name: documents_document; Type: TABLE; Schema: public; Owner: irrnet_admin
--

CREATE TABLE public.documents_document (
    id bigint NOT NULL,
    title character varying(255) NOT NULL,
    file character varying(100) NOT NULL,
    description text NOT NULL,
    uploaded_at timestamp with time zone NOT NULL,
    category character varying(100) NOT NULL,
    thumbnail character varying(100),
    department_id bigint,
    folder_id bigint,
    pdf_file character varying(100),
    uploaded_by_id integer
);


ALTER TABLE public.documents_document OWNER TO irrnet_admin;

--
-- Name: documents_document_id_seq; Type: SEQUENCE; Schema: public; Owner: irrnet_admin
--

ALTER TABLE public.documents_document ALTER COLUMN id ADD GENERATED BY DEFAULT AS IDENTITY (
    SEQUENCE NAME public.documents_document_id_seq
    START WITH 1
    INCREMENT BY 1
    NO MINVALUE
    NO MAXVALUE
    CACHE 1
);


--
-- Name: documents_folder; Type: TABLE; Schema: public; Owner: irrnet_admin
--

CREATE TABLE public.documents_folder (
    id bigint NOT NULL,
    name character varying(100) NOT NULL,
    department_id bigint NOT NULL,
    parent_id bigint
);


ALTER TABLE public.documents_folder OWNER TO irrnet_admin;

--
-- Name: documents_folder_id_seq; Type: SEQUENCE; Schema: public; Owner: irrnet_admin
--

ALTER TABLE public.documents_folder ALTER COLUMN id ADD GENERATED BY DEFAULT AS IDENTITY (
    SEQUENCE NAME public.documents_folder_id_seq
    START WITH 1
    INCREMENT BY 1
    NO MINVALUE
    NO MAXVALUE
    CACHE 1
);


--
-- Name: helpdesk_ticket; Type: TABLE; Schema: public; Owner: irrnet_admin
--

CREATE TABLE public.helpdesk_ticket (
    id bigint NOT NULL,
    title character varying(200) NOT NULL,
    description text NOT NULL,
    status character varying(20) NOT NULL,
    created_at timestamp with time zone NOT NULL,
    updated_at timestamp with time zone NOT NULL,
    assigned_to_id integer,
    created_by_id integer NOT NULL,
    branch_id bigint
);


ALTER TABLE public.helpdesk_ticket OWNER TO irrnet_admin;

--
-- Name: helpdesk_ticket_id_seq; Type: SEQUENCE; Schema: public; Owner: irrnet_admin
--

ALTER TABLE public.helpdesk_ticket ALTER COLUMN id ADD GENERATED BY DEFAULT AS IDENTITY (
    SEQUENCE NAME public.helpdesk_ticket_id_seq
    START WITH 1
    INCREMENT BY 1
    NO MINVALUE
    NO MAXVALUE
    CACHE 1
);


--
-- Name: helpdesk_ticketcomment; Type: TABLE; Schema: public; Owner: irrnet_admin
--

CREATE TABLE public.helpdesk_ticketcomment (
    id bigint NOT NULL,
    comment text NOT NULL,
    created_at timestamp with time zone NOT NULL,
    author_id integer NOT NULL,
    ticket_id bigint NOT NULL
);


ALTER TABLE public.helpdesk_ticketcomment OWNER TO irrnet_admin;

--
-- Name: helpdesk_ticketcomment_id_seq; Type: SEQUENCE; Schema: public; Owner: irrnet_admin
--

ALTER TABLE public.helpdesk_ticketcomment ALTER COLUMN id ADD GENERATED BY DEFAULT AS IDENTITY (
    SEQUENCE NAME public.helpdesk_ticketcomment_id_seq
    START WITH 1
    INCREMENT BY 1
    NO MINVALUE
    NO MAXVALUE
    CACHE 1
);


--
-- Data for Name: assetmanager_asset; Type: TABLE DATA; Schema: public; Owner: irrnet_admin
--

COPY public.assetmanager_asset (id, name, created_at, updated_at, checked_out_to_branch_id, checked_out_to_user_id, asset_type_id, model_type_id, status_type_id) FROM stdin;
\.


--
-- Data for Name: assetmanager_assettype; Type: TABLE DATA; Schema: public; Owner: irrnet_admin
--

COPY public.assetmanager_assettype (id, name, created_at, updated_at) FROM stdin;
\.


--
-- Data for Name: assetmanager_brand; Type: TABLE DATA; Schema: public; Owner: irrnet_admin
--

COPY public.assetmanager_brand (id, name, created_at, updated_at) FROM stdin;
\.


--
-- Data for Name: assetmanager_modeltype; Type: TABLE DATA; Schema: public; Owner: irrnet_admin
--

COPY public.assetmanager_modeltype (id, name, created_at, updated_at, brand_id) FROM stdin;
\.


--
-- Data for Name: assetmanager_status; Type: TABLE DATA; Schema: public; Owner: irrnet_admin
--

COPY public.assetmanager_status (id, name, code, color, created_at) FROM stdin;
1	Stock	stock		2025-08-21 15:54:52.258367+00
\.


--
-- Data for Name: auth_group; Type: TABLE DATA; Schema: public; Owner: irrnet_admin
--

COPY public.auth_group (id, name) FROM stdin;
1	Employee
2	Admin
3	Support
\.


--
-- Data for Name: auth_group_permissions; Type: TABLE DATA; Schema: public; Owner: irrnet_admin
--

COPY public.auth_group_permissions (id, group_id, permission_id) FROM stdin;
\.


--
-- Data for Name: auth_permission; Type: TABLE DATA; Schema: public; Owner: irrnet_admin
--

COPY public.auth_permission (id, name, content_type_id, codename) FROM stdin;
1	Can add branch	1	add_branch
2	Can change branch	1	change_branch
3	Can delete branch	1	delete_branch
4	Can view branch	1	view_branch
5	Can add user profile	2	add_userprofile
6	Can change user profile	2	change_userprofile
7	Can delete user profile	2	delete_userprofile
8	Can view user profile	2	view_userprofile
9	Can add department	3	add_department
10	Can change department	3	change_department
11	Can delete department	3	delete_department
12	Can view department	3	view_department
13	Can add role	4	add_role
14	Can change role	4	change_role
15	Can delete role	4	delete_role
16	Can view role	4	view_role
17	Can add region	5	add_region
18	Can change region	5	change_region
19	Can delete region	5	delete_region
20	Can view region	5	view_region
21	Can add log entry	6	add_logentry
22	Can change log entry	6	change_logentry
23	Can delete log entry	6	delete_logentry
24	Can view log entry	6	view_logentry
25	Can add permission	7	add_permission
26	Can change permission	7	change_permission
27	Can delete permission	7	delete_permission
28	Can view permission	7	view_permission
29	Can add group	8	add_group
30	Can change group	8	change_group
31	Can delete group	8	delete_group
32	Can view group	8	view_group
33	Can add user	9	add_user
34	Can change user	9	change_user
35	Can delete user	9	delete_user
36	Can view user	9	view_user
37	Can add content type	10	add_contenttype
38	Can change content type	10	change_contenttype
39	Can delete content type	10	delete_contenttype
40	Can view content type	10	view_contenttype
41	Can add session	11	add_session
42	Can change session	11	change_session
43	Can delete session	11	delete_session
44	Can view session	11	view_session
45	Can add document	12	add_document
46	Can change document	12	change_document
47	Can delete document	12	delete_document
48	Can view document	12	view_document
49	Can add folder	13	add_folder
50	Can change folder	13	change_folder
51	Can delete folder	13	delete_folder
52	Can view folder	13	view_folder
53	Can add ticket	14	add_ticket
54	Can change ticket	14	change_ticket
55	Can delete ticket	14	delete_ticket
56	Can view ticket	14	view_ticket
57	Can add ticket comment	15	add_ticketcomment
58	Can change ticket comment	15	change_ticketcomment
59	Can delete ticket comment	15	delete_ticketcomment
60	Can view ticket comment	15	view_ticketcomment
61	Can add Asset Type	16	add_assettype
62	Can change Asset Type	16	change_assettype
63	Can delete Asset Type	16	delete_assettype
64	Can view Asset Type	16	view_assettype
65	Can add Brand	17	add_brand
66	Can change Brand	17	change_brand
67	Can delete Brand	17	delete_brand
68	Can view Brand	17	view_brand
69	Can add Model Type	18	add_modeltype
70	Can change Model Type	18	change_modeltype
71	Can delete Model Type	18	delete_modeltype
72	Can view Model Type	18	view_modeltype
73	Can add asset	19	add_asset
74	Can change asset	19	change_asset
75	Can delete asset	19	delete_asset
76	Can view asset	19	view_asset
77	Can add status	20	add_status
78	Can change status	20	change_status
79	Can delete status	20	delete_status
80	Can view status	20	view_status
\.


--
-- Data for Name: auth_user; Type: TABLE DATA; Schema: public; Owner: irrnet_admin
--

COPY public.auth_user (id, password, last_login, is_superuser, username, first_name, last_name, email, is_staff, is_active, date_joined) FROM stdin;
1	pbkdf2_sha256$1000000$MyJKFbmefeAhV50ZWbu8wV$XitJpikZE7TdX6pQDE6Ow/SOcwM7fK0LhuAUiPRGbV4=	2025-08-22 13:17:12.517346+00	t	travis.bittner	Travis	Bittner	travis.bittner@irrsupply.com	t	t	2025-08-21 15:49:52+00
\.


--
-- Data for Name: auth_user_groups; Type: TABLE DATA; Schema: public; Owner: irrnet_admin
--

COPY public.auth_user_groups (id, user_id, group_id) FROM stdin;
2	1	2
\.


--
-- Data for Name: auth_user_user_permissions; Type: TABLE DATA; Schema: public; Owner: irrnet_admin
--

COPY public.auth_user_user_permissions (id, user_id, permission_id) FROM stdin;
\.


--
-- Data for Name: core_branch; Type: TABLE DATA; Schema: public; Owner: irrnet_admin
--

COPY public.core_branch (id, location_number, name, address, city, state, zip_code, phone, region_id) FROM stdin;
1	10	IRR CORPORATE OFFICE	908 Niagara Falls Boulevard	North Tonawanda	New York	14120	716-692-1700	1
\.


--
-- Data for Name: core_department; Type: TABLE DATA; Schema: public; Owner: irrnet_admin
--

COPY public.core_department (id, name, slug) FROM stdin;
1	Information Technology	it
2	General	general
\.


--
-- Data for Name: core_department_managers; Type: TABLE DATA; Schema: public; Owner: irrnet_admin
--

COPY public.core_department_managers (id, department_id, user_id) FROM stdin;
1	1	1
2	2	1
\.


--
-- Data for Name: core_region; Type: TABLE DATA; Schema: public; Owner: irrnet_admin
--

COPY public.core_region (id, name, code, description, manager_id) FROM stdin;
1	West 1	W1		1
\.


--
-- Data for Name: core_role; Type: TABLE DATA; Schema: public; Owner: irrnet_admin
--

COPY public.core_role (id, name, department_id) FROM stdin;
1	Programmer Analyst	1
\.


--
-- Data for Name: core_userprofile; Type: TABLE DATA; Schema: public; Owner: irrnet_admin
--

COPY public.core_userprofile (id, branch_id, user_id, phone, department_id, role_id, extension) FROM stdin;
1	1	1	716-277-5035	1	1	536
\.


--
-- Data for Name: django_admin_log; Type: TABLE DATA; Schema: public; Owner: irrnet_admin
--

COPY public.django_admin_log (id, action_time, object_id, object_repr, action_flag, change_message, content_type_id, user_id) FROM stdin;
1	2025-08-21 15:50:21.989247+00	2	Admin	1	[{"added": {}}]	8	1
2	2025-08-21 15:50:24.884753+00	3	Support	1	[{"added": {}}]	8	1
3	2025-08-21 15:51:13.773127+00	1	West 1	1	[{"added": {}}]	5	1
4	2025-08-21 15:51:14.668438+00	1	10 - IRR CORPORATE OFFICE	1	[{"added": {}}]	1	1
5	2025-08-21 15:51:29.54448+00	1	Information Technology	1	[{"added": {}}]	3	1
6	2025-08-21 15:52:01.886371+00	1	Programmer Analyst	1	[{"added": {}}]	4	1
7	2025-08-21 15:52:09.900221+00	1	travis.bittner	2	[{"changed": {"fields": ["First name", "Last name", "Groups"]}}, {"added": {"name": "user profile", "object": "Travis Bittner (Programmer Analyst)"}}]	9	1
8	2025-08-21 15:52:25.004889+00	2	General	1	[{"added": {}}]	3	1
9	2025-08-21 15:52:27.408892+00	1	General / General	1	[{"added": {}}]	13	1
10	2025-08-21 15:54:52.259204+00	1	Stock	1	[{"added": {}}]	20	1
\.


--
-- Data for Name: django_content_type; Type: TABLE DATA; Schema: public; Owner: irrnet_admin
--

COPY public.django_content_type (id, app_label, model) FROM stdin;
1	core	branch
2	core	userprofile
3	core	department
4	core	role
5	core	region
6	admin	logentry
7	auth	permission
8	auth	group
9	auth	user
10	contenttypes	contenttype
11	sessions	session
12	documents	document
13	documents	folder
14	helpdesk	ticket
15	helpdesk	ticketcomment
16	assetmanager	assettype
17	assetmanager	brand
18	assetmanager	modeltype
19	assetmanager	asset
20	assetmanager	status
\.


--
-- Data for Name: django_migrations; Type: TABLE DATA; Schema: public; Owner: irrnet_admin
--

COPY public.django_migrations (id, app, name, applied) FROM stdin;
1	contenttypes	0001_initial	2025-08-21 15:49:35.250826+00
2	auth	0001_initial	2025-08-21 15:49:35.337505+00
3	admin	0001_initial	2025-08-21 15:49:35.358618+00
4	admin	0002_logentry_remove_auto_add	2025-08-21 15:49:35.363618+00
5	admin	0003_logentry_add_action_flag_choices	2025-08-21 15:49:35.368187+00
6	core	0001_initial	2025-08-21 15:49:35.398095+00
7	core	0002_alter_userprofile_branch	2025-08-21 15:49:35.416336+00
8	core	0003_department_userprofile_phone_userprofile_title_and_more	2025-08-21 15:49:35.43966+00
9	core	0004_role_userprofile_role	2025-08-21 15:49:35.460675+00
10	core	0005_remove_userprofile_title	2025-08-21 15:49:35.468791+00
11	core	0006_userprofile_extension	2025-08-21 15:49:35.475156+00
12	core	0007_region_branch_region	2025-08-21 15:49:35.503931+00
13	core	0008_region_manager	2025-08-21 15:49:35.515079+00
14	core	0009_alter_userprofile_extension	2025-08-21 15:49:35.520407+00
15	assetmanager	0001_initial	2025-08-21 15:49:35.580366+00
16	assetmanager	0002_status	2025-08-21 15:49:35.59808+00
17	assetmanager	0003_asset_status_type	2025-08-21 15:49:35.612612+00
18	contenttypes	0002_remove_content_type_name	2025-08-21 15:49:35.624992+00
19	auth	0002_alter_permission_name_max_length	2025-08-21 15:49:35.633086+00
20	auth	0003_alter_user_email_max_length	2025-08-21 15:49:35.640151+00
21	auth	0004_alter_user_username_opts	2025-08-21 15:49:35.646235+00
22	auth	0005_alter_user_last_login_null	2025-08-21 15:49:35.652742+00
23	auth	0006_require_contenttypes_0002	2025-08-21 15:49:35.655157+00
24	auth	0007_alter_validators_add_error_messages	2025-08-21 15:49:35.661412+00
25	auth	0008_alter_user_username_max_length	2025-08-21 15:49:35.672233+00
26	auth	0009_alter_user_last_name_max_length	2025-08-21 15:49:35.681873+00
27	auth	0010_alter_group_name_max_length	2025-08-21 15:49:35.690718+00
28	auth	0011_update_proxy_permissions	2025-08-21 15:49:35.698053+00
29	auth	0012_alter_user_first_name_max_length	2025-08-21 15:49:35.704498+00
30	core	0010_alter_branch_region	2025-08-21 15:49:35.711992+00
31	core	0011_alter_branch_region	2025-08-21 15:49:35.71979+00
32	core	0012_department_managers	2025-08-21 15:49:35.743142+00
33	core	0013_department_slug	2025-08-21 15:49:35.757116+00
34	core	0014_role_department	2025-08-21 15:49:35.770195+00
35	documents	0001_initial	2025-08-21 15:49:35.778143+00
36	documents	0002_document_thumbnail	2025-08-21 15:49:35.780963+00
37	documents	0003_department_document_department_folder_and_more	2025-08-21 15:49:35.85145+00
38	documents	0004_alter_document_department	2025-08-21 15:49:35.862693+00
39	documents	0005_document_pdf_file	2025-08-21 15:49:35.867459+00
40	documents	0006_document_uploaded_by	2025-08-21 15:49:35.882282+00
41	documents	0007_alter_document_department_alter_folder_department_and_more	2025-08-21 15:49:35.904885+00
42	fileviewer	0001_initial	2025-08-21 15:49:35.911217+00
43	fileviewer	0002_delete_file	2025-08-21 15:49:35.913436+00
44	helpdesk	0001_initial	2025-08-21 15:49:35.960387+00
45	helpdesk	0002_ticket_branch	2025-08-21 15:49:35.975693+00
46	sessions	0001_initial	2025-08-21 15:49:35.990744+00
\.


--
-- Data for Name: django_session; Type: TABLE DATA; Schema: public; Owner: irrnet_admin
--

COPY public.django_session (session_key, session_data, expire_date) FROM stdin;
tdrjur8s5ya7chb9z9amkmgx1ddvgazg	.eJxVjDsOwjAQBe_iGln-sg4lfc5grXdtHECOFCcV4u4QKQW0b2beS0Tc1hq3npc4sbgILU6_W0J65LYDvmO7zZLmti5TkrsiD9rlOHN-Xg_376Bir996sOacqDibg6YABEpDCJyKx5Q8Z68ya7JOgTMMVAYdCnrrPBkDwCjeH-jdOAc:1up9Pd:rks0GKJTRb4OGwp_KKQtB24GtuZIWB95nl8JNSHJZsY	2025-09-04 17:49:21.315363+00
r98g8h2eus7w2i54fp6nx8pd386as70z	.eJxVjDsOwjAQBe_iGln-sg4lfc5grXdtHECOFCcV4u4QKQW0b2beS0Tc1hq3npc4sbgILU6_W0J65LYDvmO7zZLmti5TkrsiD9rlOHN-Xg_376Bir996sOacqDibg6YABEpDCJyKx5Q8Z68ya7JOgTMMVAYdCnrrPBkDwCjeH-jdOAc:1upBlx:9NoIeAx2Lqc5707B3N6pNIYUgPg5QIx5ijzvZi--qak	2025-09-04 20:20:33.463505+00
23mpdh3pih66yo0n6v19wjoc731q2ext	.eJxVjDsOwjAQBe_iGln-sg4lfc5grXdtHECOFCcV4u4QKQW0b2beS0Tc1hq3npc4sbgILU6_W0J65LYDvmO7zZLmti5TkrsiD9rlOHN-Xg_376Bir996sOacqDibg6YABEpDCJyKx5Q8Z68ya7JOgTMMVAYdCnrrPBkDwCjeH-jdOAc:1upBml:C0-ca0zz4_chzndXxNWz5KRsWf8jkPv1pCnPsrz-CIo	2025-09-04 20:21:23.954353+00
8apd1k3kydcb0t9vn7w3wd98tikecaz3	.eJxVjDsOwjAQBe_iGln-sg4lfc5grXdtHECOFCcV4u4QKQW0b2beS0Tc1hq3npc4sbgILU6_W0J65LYDvmO7zZLmti5TkrsiD9rlOHN-Xg_376Bir996sOacqDibg6YABEpDCJyKx5Q8Z68ya7JOgTMMVAYdCnrrPBkDwCjeH-jdOAc:1upRbS:boCP2keyEEpJossF5fSrqJlTWKJW8sQNeFIKAIRoBQM	2025-09-05 13:14:46.335534+00
6ov6zauuipvji7izfpepv9w79zn2ud5e	.eJxVjDsOwjAQBe_iGln-sg4lfc5grXdtHECOFCcV4u4QKQW0b2beS0Tc1hq3npc4sbgILU6_W0J65LYDvmO7zZLmti5TkrsiD9rlOHN-Xg_376Bir996sOacqDibg6YABEpDCJyKx5Q8Z68ya7JOgTMMVAYdCnrrPBkDwCjeH-jdOAc:1upRdo:nWV5eWpf0IMO-AaJi39guec2f2je-tfKUbRFPxKu99Y	2025-09-05 13:17:12.519277+00
\.


--
-- Data for Name: documents_document; Type: TABLE DATA; Schema: public; Owner: irrnet_admin
--

COPY public.documents_document (id, title, file, description, uploaded_at, category, thumbnail, department_id, folder_id, pdf_file, uploaded_by_id) FROM stdin;
\.


--
-- Data for Name: documents_folder; Type: TABLE DATA; Schema: public; Owner: irrnet_admin
--

COPY public.documents_folder (id, name, department_id, parent_id) FROM stdin;
1	General	2	\N
\.


--
-- Data for Name: helpdesk_ticket; Type: TABLE DATA; Schema: public; Owner: irrnet_admin
--

COPY public.helpdesk_ticket (id, title, description, status, created_at, updated_at, assigned_to_id, created_by_id, branch_id) FROM stdin;
\.


--
-- Data for Name: helpdesk_ticketcomment; Type: TABLE DATA; Schema: public; Owner: irrnet_admin
--

COPY public.helpdesk_ticketcomment (id, comment, created_at, author_id, ticket_id) FROM stdin;
\.


--
-- Name: assetmanager_asset_id_seq; Type: SEQUENCE SET; Schema: public; Owner: irrnet_admin
--

SELECT pg_catalog.setval('public.assetmanager_asset_id_seq', 1, false);


--
-- Name: assetmanager_assettype_id_seq; Type: SEQUENCE SET; Schema: public; Owner: irrnet_admin
--

SELECT pg_catalog.setval('public.assetmanager_assettype_id_seq', 1, false);


--
-- Name: assetmanager_brand_id_seq; Type: SEQUENCE SET; Schema: public; Owner: irrnet_admin
--

SELECT pg_catalog.setval('public.assetmanager_brand_id_seq', 1, false);


--
-- Name: assetmanager_modeltype_id_seq; Type: SEQUENCE SET; Schema: public; Owner: irrnet_admin
--

SELECT pg_catalog.setval('public.assetmanager_modeltype_id_seq', 1, false);


--
-- Name: assetmanager_status_id_seq; Type: SEQUENCE SET; Schema: public; Owner: irrnet_admin
--

SELECT pg_catalog.setval('public.assetmanager_status_id_seq', 1, true);


--
-- Name: auth_group_id_seq; Type: SEQUENCE SET; Schema: public; Owner: irrnet_admin
--

SELECT pg_catalog.setval('public.auth_group_id_seq', 3, true);


--
-- Name: auth_group_permissions_id_seq; Type: SEQUENCE SET; Schema: public; Owner: irrnet_admin
--

SELECT pg_catalog.setval('public.auth_group_permissions_id_seq', 1, false);


--
-- Name: auth_permission_id_seq; Type: SEQUENCE SET; Schema: public; Owner: irrnet_admin
--

SELECT pg_catalog.setval('public.auth_permission_id_seq', 80, true);


--
-- Name: auth_user_groups_id_seq; Type: SEQUENCE SET; Schema: public; Owner: irrnet_admin
--

SELECT pg_catalog.setval('public.auth_user_groups_id_seq', 2, true);


--
-- Name: auth_user_id_seq; Type: SEQUENCE SET; Schema: public; Owner: irrnet_admin
--

SELECT pg_catalog.setval('public.auth_user_id_seq', 1, true);


--
-- Name: auth_user_user_permissions_id_seq; Type: SEQUENCE SET; Schema: public; Owner: irrnet_admin
--

SELECT pg_catalog.setval('public.auth_user_user_permissions_id_seq', 1, false);


--
-- Name: core_branch_id_seq; Type: SEQUENCE SET; Schema: public; Owner: irrnet_admin
--

SELECT pg_catalog.setval('public.core_branch_id_seq', 1, true);


--
-- Name: core_department_id_seq; Type: SEQUENCE SET; Schema: public; Owner: irrnet_admin
--

SELECT pg_catalog.setval('public.core_department_id_seq', 2, true);


--
-- Name: core_department_managers_id_seq; Type: SEQUENCE SET; Schema: public; Owner: irrnet_admin
--

SELECT pg_catalog.setval('public.core_department_managers_id_seq', 2, true);


--
-- Name: core_region_id_seq; Type: SEQUENCE SET; Schema: public; Owner: irrnet_admin
--

SELECT pg_catalog.setval('public.core_region_id_seq', 1, true);


--
-- Name: core_role_id_seq; Type: SEQUENCE SET; Schema: public; Owner: irrnet_admin
--

SELECT pg_catalog.setval('public.core_role_id_seq', 1, true);


--
-- Name: core_userprofile_id_seq; Type: SEQUENCE SET; Schema: public; Owner: irrnet_admin
--

SELECT pg_catalog.setval('public.core_userprofile_id_seq', 1, true);


--
-- Name: django_admin_log_id_seq; Type: SEQUENCE SET; Schema: public; Owner: irrnet_admin
--

SELECT pg_catalog.setval('public.django_admin_log_id_seq', 10, true);


--
-- Name: django_content_type_id_seq; Type: SEQUENCE SET; Schema: public; Owner: irrnet_admin
--

SELECT pg_catalog.setval('public.django_content_type_id_seq', 20, true);


--
-- Name: django_migrations_id_seq; Type: SEQUENCE SET; Schema: public; Owner: irrnet_admin
--

SELECT pg_catalog.setval('public.django_migrations_id_seq', 46, true);


--
-- Name: documents_document_id_seq; Type: SEQUENCE SET; Schema: public; Owner: irrnet_admin
--

SELECT pg_catalog.setval('public.documents_document_id_seq', 1, true);


--
-- Name: documents_folder_id_seq; Type: SEQUENCE SET; Schema: public; Owner: irrnet_admin
--

SELECT pg_catalog.setval('public.documents_folder_id_seq', 1, true);


--
-- Name: helpdesk_ticket_id_seq; Type: SEQUENCE SET; Schema: public; Owner: irrnet_admin
--

SELECT pg_catalog.setval('public.helpdesk_ticket_id_seq', 1, false);


--
-- Name: helpdesk_ticketcomment_id_seq; Type: SEQUENCE SET; Schema: public; Owner: irrnet_admin
--

SELECT pg_catalog.setval('public.helpdesk_ticketcomment_id_seq', 1, false);


--
-- Name: assetmanager_asset assetmanager_asset_pkey; Type: CONSTRAINT; Schema: public; Owner: irrnet_admin
--

ALTER TABLE ONLY public.assetmanager_asset
    ADD CONSTRAINT assetmanager_asset_pkey PRIMARY KEY (id);


--
-- Name: assetmanager_assettype assetmanager_assettype_name_key; Type: CONSTRAINT; Schema: public; Owner: irrnet_admin
--

ALTER TABLE ONLY public.assetmanager_assettype
    ADD CONSTRAINT assetmanager_assettype_name_key UNIQUE (name);


--
-- Name: assetmanager_assettype assetmanager_assettype_pkey; Type: CONSTRAINT; Schema: public; Owner: irrnet_admin
--

ALTER TABLE ONLY public.assetmanager_assettype
    ADD CONSTRAINT assetmanager_assettype_pkey PRIMARY KEY (id);


--
-- Name: assetmanager_brand assetmanager_brand_name_key; Type: CONSTRAINT; Schema: public; Owner: irrnet_admin
--

ALTER TABLE ONLY public.assetmanager_brand
    ADD CONSTRAINT assetmanager_brand_name_key UNIQUE (name);


--
-- Name: assetmanager_brand assetmanager_brand_pkey; Type: CONSTRAINT; Schema: public; Owner: irrnet_admin
--

ALTER TABLE ONLY public.assetmanager_brand
    ADD CONSTRAINT assetmanager_brand_pkey PRIMARY KEY (id);


--
-- Name: assetmanager_modeltype assetmanager_modeltype_name_key; Type: CONSTRAINT; Schema: public; Owner: irrnet_admin
--

ALTER TABLE ONLY public.assetmanager_modeltype
    ADD CONSTRAINT assetmanager_modeltype_name_key UNIQUE (name);


--
-- Name: assetmanager_modeltype assetmanager_modeltype_pkey; Type: CONSTRAINT; Schema: public; Owner: irrnet_admin
--

ALTER TABLE ONLY public.assetmanager_modeltype
    ADD CONSTRAINT assetmanager_modeltype_pkey PRIMARY KEY (id);


--
-- Name: assetmanager_status assetmanager_status_code_key; Type: CONSTRAINT; Schema: public; Owner: irrnet_admin
--

ALTER TABLE ONLY public.assetmanager_status
    ADD CONSTRAINT assetmanager_status_code_key UNIQUE (code);


--
-- Name: assetmanager_status assetmanager_status_name_key; Type: CONSTRAINT; Schema: public; Owner: irrnet_admin
--

ALTER TABLE ONLY public.assetmanager_status
    ADD CONSTRAINT assetmanager_status_name_key UNIQUE (name);


--
-- Name: assetmanager_status assetmanager_status_pkey; Type: CONSTRAINT; Schema: public; Owner: irrnet_admin
--

ALTER TABLE ONLY public.assetmanager_status
    ADD CONSTRAINT assetmanager_status_pkey PRIMARY KEY (id);


--
-- Name: auth_group auth_group_name_key; Type: CONSTRAINT; Schema: public; Owner: irrnet_admin
--

ALTER TABLE ONLY public.auth_group
    ADD CONSTRAINT auth_group_name_key UNIQUE (name);


--
-- Name: auth_group_permissions auth_group_permissions_group_id_permission_id_0cd325b0_uniq; Type: CONSTRAINT; Schema: public; Owner: irrnet_admin
--

ALTER TABLE ONLY public.auth_group_permissions
    ADD CONSTRAINT auth_group_permissions_group_id_permission_id_0cd325b0_uniq UNIQUE (group_id, permission_id);


--
-- Name: auth_group_permissions auth_group_permissions_pkey; Type: CONSTRAINT; Schema: public; Owner: irrnet_admin
--

ALTER TABLE ONLY public.auth_group_permissions
    ADD CONSTRAINT auth_group_permissions_pkey PRIMARY KEY (id);


--
-- Name: auth_group auth_group_pkey; Type: CONSTRAINT; Schema: public; Owner: irrnet_admin
--

ALTER TABLE ONLY public.auth_group
    ADD CONSTRAINT auth_group_pkey PRIMARY KEY (id);


--
-- Name: auth_permission auth_permission_content_type_id_codename_01ab375a_uniq; Type: CONSTRAINT; Schema: public; Owner: irrnet_admin
--

ALTER TABLE ONLY public.auth_permission
    ADD CONSTRAINT auth_permission_content_type_id_codename_01ab375a_uniq UNIQUE (content_type_id, codename);


--
-- Name: auth_permission auth_permission_pkey; Type: CONSTRAINT; Schema: public; Owner: irrnet_admin
--

ALTER TABLE ONLY public.auth_permission
    ADD CONSTRAINT auth_permission_pkey PRIMARY KEY (id);


--
-- Name: auth_user_groups auth_user_groups_pkey; Type: CONSTRAINT; Schema: public; Owner: irrnet_admin
--

ALTER TABLE ONLY public.auth_user_groups
    ADD CONSTRAINT auth_user_groups_pkey PRIMARY KEY (id);


--
-- Name: auth_user_groups auth_user_groups_user_id_group_id_94350c0c_uniq; Type: CONSTRAINT; Schema: public; Owner: irrnet_admin
--

ALTER TABLE ONLY public.auth_user_groups
    ADD CONSTRAINT auth_user_groups_user_id_group_id_94350c0c_uniq UNIQUE (user_id, group_id);


--
-- Name: auth_user auth_user_pkey; Type: CONSTRAINT; Schema: public; Owner: irrnet_admin
--

ALTER TABLE ONLY public.auth_user
    ADD CONSTRAINT auth_user_pkey PRIMARY KEY (id);


--
-- Name: auth_user_user_permissions auth_user_user_permissions_pkey; Type: CONSTRAINT; Schema: public; Owner: irrnet_admin
--

ALTER TABLE ONLY public.auth_user_user_permissions
    ADD CONSTRAINT auth_user_user_permissions_pkey PRIMARY KEY (id);


--
-- Name: auth_user_user_permissions auth_user_user_permissions_user_id_permission_id_14a6b632_uniq; Type: CONSTRAINT; Schema: public; Owner: irrnet_admin
--

ALTER TABLE ONLY public.auth_user_user_permissions
    ADD CONSTRAINT auth_user_user_permissions_user_id_permission_id_14a6b632_uniq UNIQUE (user_id, permission_id);


--
-- Name: auth_user auth_user_username_key; Type: CONSTRAINT; Schema: public; Owner: irrnet_admin
--

ALTER TABLE ONLY public.auth_user
    ADD CONSTRAINT auth_user_username_key UNIQUE (username);


--
-- Name: core_branch core_branch_location_number_key; Type: CONSTRAINT; Schema: public; Owner: irrnet_admin
--

ALTER TABLE ONLY public.core_branch
    ADD CONSTRAINT core_branch_location_number_key UNIQUE (location_number);


--
-- Name: core_branch core_branch_pkey; Type: CONSTRAINT; Schema: public; Owner: irrnet_admin
--

ALTER TABLE ONLY public.core_branch
    ADD CONSTRAINT core_branch_pkey PRIMARY KEY (id);


--
-- Name: core_department_managers core_department_managers_department_id_user_id_40a662c4_uniq; Type: CONSTRAINT; Schema: public; Owner: irrnet_admin
--

ALTER TABLE ONLY public.core_department_managers
    ADD CONSTRAINT core_department_managers_department_id_user_id_40a662c4_uniq UNIQUE (department_id, user_id);


--
-- Name: core_department_managers core_department_managers_pkey; Type: CONSTRAINT; Schema: public; Owner: irrnet_admin
--

ALTER TABLE ONLY public.core_department_managers
    ADD CONSTRAINT core_department_managers_pkey PRIMARY KEY (id);


--
-- Name: core_department core_department_pkey; Type: CONSTRAINT; Schema: public; Owner: irrnet_admin
--

ALTER TABLE ONLY public.core_department
    ADD CONSTRAINT core_department_pkey PRIMARY KEY (id);


--
-- Name: core_department core_department_slug_key; Type: CONSTRAINT; Schema: public; Owner: irrnet_admin
--

ALTER TABLE ONLY public.core_department
    ADD CONSTRAINT core_department_slug_key UNIQUE (slug);


--
-- Name: core_region core_region_code_key; Type: CONSTRAINT; Schema: public; Owner: irrnet_admin
--

ALTER TABLE ONLY public.core_region
    ADD CONSTRAINT core_region_code_key UNIQUE (code);


--
-- Name: core_region core_region_name_key; Type: CONSTRAINT; Schema: public; Owner: irrnet_admin
--

ALTER TABLE ONLY public.core_region
    ADD CONSTRAINT core_region_name_key UNIQUE (name);


--
-- Name: core_region core_region_pkey; Type: CONSTRAINT; Schema: public; Owner: irrnet_admin
--

ALTER TABLE ONLY public.core_region
    ADD CONSTRAINT core_region_pkey PRIMARY KEY (id);


--
-- Name: core_role core_role_name_key; Type: CONSTRAINT; Schema: public; Owner: irrnet_admin
--

ALTER TABLE ONLY public.core_role
    ADD CONSTRAINT core_role_name_key UNIQUE (name);


--
-- Name: core_role core_role_pkey; Type: CONSTRAINT; Schema: public; Owner: irrnet_admin
--

ALTER TABLE ONLY public.core_role
    ADD CONSTRAINT core_role_pkey PRIMARY KEY (id);


--
-- Name: core_userprofile core_userprofile_pkey; Type: CONSTRAINT; Schema: public; Owner: irrnet_admin
--

ALTER TABLE ONLY public.core_userprofile
    ADD CONSTRAINT core_userprofile_pkey PRIMARY KEY (id);


--
-- Name: core_userprofile core_userprofile_user_id_key; Type: CONSTRAINT; Schema: public; Owner: irrnet_admin
--

ALTER TABLE ONLY public.core_userprofile
    ADD CONSTRAINT core_userprofile_user_id_key UNIQUE (user_id);


--
-- Name: django_admin_log django_admin_log_pkey; Type: CONSTRAINT; Schema: public; Owner: irrnet_admin
--

ALTER TABLE ONLY public.django_admin_log
    ADD CONSTRAINT django_admin_log_pkey PRIMARY KEY (id);


--
-- Name: django_content_type django_content_type_app_label_model_76bd3d3b_uniq; Type: CONSTRAINT; Schema: public; Owner: irrnet_admin
--

ALTER TABLE ONLY public.django_content_type
    ADD CONSTRAINT django_content_type_app_label_model_76bd3d3b_uniq UNIQUE (app_label, model);


--
-- Name: django_content_type django_content_type_pkey; Type: CONSTRAINT; Schema: public; Owner: irrnet_admin
--

ALTER TABLE ONLY public.django_content_type
    ADD CONSTRAINT django_content_type_pkey PRIMARY KEY (id);


--
-- Name: django_migrations django_migrations_pkey; Type: CONSTRAINT; Schema: public; Owner: irrnet_admin
--

ALTER TABLE ONLY public.django_migrations
    ADD CONSTRAINT django_migrations_pkey PRIMARY KEY (id);


--
-- Name: django_session django_session_pkey; Type: CONSTRAINT; Schema: public; Owner: irrnet_admin
--

ALTER TABLE ONLY public.django_session
    ADD CONSTRAINT django_session_pkey PRIMARY KEY (session_key);


--
-- Name: documents_document documents_document_pkey; Type: CONSTRAINT; Schema: public; Owner: irrnet_admin
--

ALTER TABLE ONLY public.documents_document
    ADD CONSTRAINT documents_document_pkey PRIMARY KEY (id);


--
-- Name: documents_folder documents_folder_pkey; Type: CONSTRAINT; Schema: public; Owner: irrnet_admin
--

ALTER TABLE ONLY public.documents_folder
    ADD CONSTRAINT documents_folder_pkey PRIMARY KEY (id);


--
-- Name: helpdesk_ticket helpdesk_ticket_pkey; Type: CONSTRAINT; Schema: public; Owner: irrnet_admin
--

ALTER TABLE ONLY public.helpdesk_ticket
    ADD CONSTRAINT helpdesk_ticket_pkey PRIMARY KEY (id);


--
-- Name: helpdesk_ticketcomment helpdesk_ticketcomment_pkey; Type: CONSTRAINT; Schema: public; Owner: irrnet_admin
--

ALTER TABLE ONLY public.helpdesk_ticketcomment
    ADD CONSTRAINT helpdesk_ticketcomment_pkey PRIMARY KEY (id);


--
-- Name: assetmanager_asset_asset_type_id_f3bec231; Type: INDEX; Schema: public; Owner: irrnet_admin
--

CREATE INDEX assetmanager_asset_asset_type_id_f3bec231 ON public.assetmanager_asset USING btree (asset_type_id);


--
-- Name: assetmanager_asset_checked_out_to_branch_id_207aee80; Type: INDEX; Schema: public; Owner: irrnet_admin
--

CREATE INDEX assetmanager_asset_checked_out_to_branch_id_207aee80 ON public.assetmanager_asset USING btree (checked_out_to_branch_id);


--
-- Name: assetmanager_asset_checked_out_to_user_id_3f6ecc96; Type: INDEX; Schema: public; Owner: irrnet_admin
--

CREATE INDEX assetmanager_asset_checked_out_to_user_id_3f6ecc96 ON public.assetmanager_asset USING btree (checked_out_to_user_id);


--
-- Name: assetmanager_asset_model_type_id_f4987b15; Type: INDEX; Schema: public; Owner: irrnet_admin
--

CREATE INDEX assetmanager_asset_model_type_id_f4987b15 ON public.assetmanager_asset USING btree (model_type_id);


--
-- Name: assetmanager_asset_status_type_id_4a2a73b1; Type: INDEX; Schema: public; Owner: irrnet_admin
--

CREATE INDEX assetmanager_asset_status_type_id_4a2a73b1 ON public.assetmanager_asset USING btree (status_type_id);


--
-- Name: assetmanager_assettype_name_4c700602_like; Type: INDEX; Schema: public; Owner: irrnet_admin
--

CREATE INDEX assetmanager_assettype_name_4c700602_like ON public.assetmanager_assettype USING btree (name varchar_pattern_ops);


--
-- Name: assetmanager_brand_name_08f57f55_like; Type: INDEX; Schema: public; Owner: irrnet_admin
--

CREATE INDEX assetmanager_brand_name_08f57f55_like ON public.assetmanager_brand USING btree (name varchar_pattern_ops);


--
-- Name: assetmanager_modeltype_brand_id_edc1bd0b; Type: INDEX; Schema: public; Owner: irrnet_admin
--

CREATE INDEX assetmanager_modeltype_brand_id_edc1bd0b ON public.assetmanager_modeltype USING btree (brand_id);


--
-- Name: assetmanager_modeltype_name_1634996a_like; Type: INDEX; Schema: public; Owner: irrnet_admin
--

CREATE INDEX assetmanager_modeltype_name_1634996a_like ON public.assetmanager_modeltype USING btree (name varchar_pattern_ops);


--
-- Name: assetmanager_status_code_e140c4be_like; Type: INDEX; Schema: public; Owner: irrnet_admin
--

CREATE INDEX assetmanager_status_code_e140c4be_like ON public.assetmanager_status USING btree (code varchar_pattern_ops);


--
-- Name: assetmanager_status_name_bb53d949_like; Type: INDEX; Schema: public; Owner: irrnet_admin
--

CREATE INDEX assetmanager_status_name_bb53d949_like ON public.assetmanager_status USING btree (name varchar_pattern_ops);


--
-- Name: auth_group_name_a6ea08ec_like; Type: INDEX; Schema: public; Owner: irrnet_admin
--

CREATE INDEX auth_group_name_a6ea08ec_like ON public.auth_group USING btree (name varchar_pattern_ops);


--
-- Name: auth_group_permissions_group_id_b120cbf9; Type: INDEX; Schema: public; Owner: irrnet_admin
--

CREATE INDEX auth_group_permissions_group_id_b120cbf9 ON public.auth_group_permissions USING btree (group_id);


--
-- Name: auth_group_permissions_permission_id_84c5c92e; Type: INDEX; Schema: public; Owner: irrnet_admin
--

CREATE INDEX auth_group_permissions_permission_id_84c5c92e ON public.auth_group_permissions USING btree (permission_id);


--
-- Name: auth_permission_content_type_id_2f476e4b; Type: INDEX; Schema: public; Owner: irrnet_admin
--

CREATE INDEX auth_permission_content_type_id_2f476e4b ON public.auth_permission USING btree (content_type_id);


--
-- Name: auth_user_groups_group_id_97559544; Type: INDEX; Schema: public; Owner: irrnet_admin
--

CREATE INDEX auth_user_groups_group_id_97559544 ON public.auth_user_groups USING btree (group_id);


--
-- Name: auth_user_groups_user_id_6a12ed8b; Type: INDEX; Schema: public; Owner: irrnet_admin
--

CREATE INDEX auth_user_groups_user_id_6a12ed8b ON public.auth_user_groups USING btree (user_id);


--
-- Name: auth_user_user_permissions_permission_id_1fbb5f2c; Type: INDEX; Schema: public; Owner: irrnet_admin
--

CREATE INDEX auth_user_user_permissions_permission_id_1fbb5f2c ON public.auth_user_user_permissions USING btree (permission_id);


--
-- Name: auth_user_user_permissions_user_id_a95ead1b; Type: INDEX; Schema: public; Owner: irrnet_admin
--

CREATE INDEX auth_user_user_permissions_user_id_a95ead1b ON public.auth_user_user_permissions USING btree (user_id);


--
-- Name: auth_user_username_6821ab7c_like; Type: INDEX; Schema: public; Owner: irrnet_admin
--

CREATE INDEX auth_user_username_6821ab7c_like ON public.auth_user USING btree (username varchar_pattern_ops);


--
-- Name: core_branch_location_number_f2579a5f_like; Type: INDEX; Schema: public; Owner: irrnet_admin
--

CREATE INDEX core_branch_location_number_f2579a5f_like ON public.core_branch USING btree (location_number varchar_pattern_ops);


--
-- Name: core_branch_region_id_5b32910c; Type: INDEX; Schema: public; Owner: irrnet_admin
--

CREATE INDEX core_branch_region_id_5b32910c ON public.core_branch USING btree (region_id);


--
-- Name: core_department_managers_department_id_8f921c4d; Type: INDEX; Schema: public; Owner: irrnet_admin
--

CREATE INDEX core_department_managers_department_id_8f921c4d ON public.core_department_managers USING btree (department_id);


--
-- Name: core_department_managers_user_id_2fe66669; Type: INDEX; Schema: public; Owner: irrnet_admin
--

CREATE INDEX core_department_managers_user_id_2fe66669 ON public.core_department_managers USING btree (user_id);


--
-- Name: core_department_slug_14bceae3_like; Type: INDEX; Schema: public; Owner: irrnet_admin
--

CREATE INDEX core_department_slug_14bceae3_like ON public.core_department USING btree (slug varchar_pattern_ops);


--
-- Name: core_region_code_b7a2f4af_like; Type: INDEX; Schema: public; Owner: irrnet_admin
--

CREATE INDEX core_region_code_b7a2f4af_like ON public.core_region USING btree (code varchar_pattern_ops);


--
-- Name: core_region_manager_id_a794cd49; Type: INDEX; Schema: public; Owner: irrnet_admin
--

CREATE INDEX core_region_manager_id_a794cd49 ON public.core_region USING btree (manager_id);


--
-- Name: core_region_name_c4edcc3c_like; Type: INDEX; Schema: public; Owner: irrnet_admin
--

CREATE INDEX core_region_name_c4edcc3c_like ON public.core_region USING btree (name varchar_pattern_ops);


--
-- Name: core_role_department_id_6f8926cb; Type: INDEX; Schema: public; Owner: irrnet_admin
--

CREATE INDEX core_role_department_id_6f8926cb ON public.core_role USING btree (department_id);


--
-- Name: core_role_name_ca4cd9c7_like; Type: INDEX; Schema: public; Owner: irrnet_admin
--

CREATE INDEX core_role_name_ca4cd9c7_like ON public.core_role USING btree (name varchar_pattern_ops);


--
-- Name: core_userprofile_branch_id_6bf6e1f8; Type: INDEX; Schema: public; Owner: irrnet_admin
--

CREATE INDEX core_userprofile_branch_id_6bf6e1f8 ON public.core_userprofile USING btree (branch_id);


--
-- Name: core_userprofile_department_id_3c5d8762; Type: INDEX; Schema: public; Owner: irrnet_admin
--

CREATE INDEX core_userprofile_department_id_3c5d8762 ON public.core_userprofile USING btree (department_id);


--
-- Name: core_userprofile_role_id_391ca017; Type: INDEX; Schema: public; Owner: irrnet_admin
--

CREATE INDEX core_userprofile_role_id_391ca017 ON public.core_userprofile USING btree (role_id);


--
-- Name: django_admin_log_content_type_id_c4bce8eb; Type: INDEX; Schema: public; Owner: irrnet_admin
--

CREATE INDEX django_admin_log_content_type_id_c4bce8eb ON public.django_admin_log USING btree (content_type_id);


--
-- Name: django_admin_log_user_id_c564eba6; Type: INDEX; Schema: public; Owner: irrnet_admin
--

CREATE INDEX django_admin_log_user_id_c564eba6 ON public.django_admin_log USING btree (user_id);


--
-- Name: django_session_expire_date_a5c62663; Type: INDEX; Schema: public; Owner: irrnet_admin
--

CREATE INDEX django_session_expire_date_a5c62663 ON public.django_session USING btree (expire_date);


--
-- Name: django_session_session_key_c0390e0f_like; Type: INDEX; Schema: public; Owner: irrnet_admin
--

CREATE INDEX django_session_session_key_c0390e0f_like ON public.django_session USING btree (session_key varchar_pattern_ops);


--
-- Name: documents_document_department_id_2687ca96; Type: INDEX; Schema: public; Owner: irrnet_admin
--

CREATE INDEX documents_document_department_id_2687ca96 ON public.documents_document USING btree (department_id);


--
-- Name: documents_document_folder_id_f2e8c7fd; Type: INDEX; Schema: public; Owner: irrnet_admin
--

CREATE INDEX documents_document_folder_id_f2e8c7fd ON public.documents_document USING btree (folder_id);


--
-- Name: documents_document_uploaded_by_id_cc1ba81a; Type: INDEX; Schema: public; Owner: irrnet_admin
--

CREATE INDEX documents_document_uploaded_by_id_cc1ba81a ON public.documents_document USING btree (uploaded_by_id);


--
-- Name: documents_folder_department_id_1db7a1e2; Type: INDEX; Schema: public; Owner: irrnet_admin
--

CREATE INDEX documents_folder_department_id_1db7a1e2 ON public.documents_folder USING btree (department_id);


--
-- Name: documents_folder_parent_id_55715a39; Type: INDEX; Schema: public; Owner: irrnet_admin
--

CREATE INDEX documents_folder_parent_id_55715a39 ON public.documents_folder USING btree (parent_id);


--
-- Name: helpdesk_ticket_assigned_to_id_0716992e; Type: INDEX; Schema: public; Owner: irrnet_admin
--

CREATE INDEX helpdesk_ticket_assigned_to_id_0716992e ON public.helpdesk_ticket USING btree (assigned_to_id);


--
-- Name: helpdesk_ticket_branch_id_8681d0bd; Type: INDEX; Schema: public; Owner: irrnet_admin
--

CREATE INDEX helpdesk_ticket_branch_id_8681d0bd ON public.helpdesk_ticket USING btree (branch_id);


--
-- Name: helpdesk_ticket_created_by_id_d27fab9b; Type: INDEX; Schema: public; Owner: irrnet_admin
--

CREATE INDEX helpdesk_ticket_created_by_id_d27fab9b ON public.helpdesk_ticket USING btree (created_by_id);


--
-- Name: helpdesk_ticketcomment_author_id_4f313b97; Type: INDEX; Schema: public; Owner: irrnet_admin
--

CREATE INDEX helpdesk_ticketcomment_author_id_4f313b97 ON public.helpdesk_ticketcomment USING btree (author_id);


--
-- Name: helpdesk_ticketcomment_ticket_id_db78abb4; Type: INDEX; Schema: public; Owner: irrnet_admin
--

CREATE INDEX helpdesk_ticketcomment_ticket_id_db78abb4 ON public.helpdesk_ticketcomment USING btree (ticket_id);


--
-- Name: assetmanager_asset assetmanager_asset_asset_type_id_f3bec231_fk_assetmana; Type: FK CONSTRAINT; Schema: public; Owner: irrnet_admin
--

ALTER TABLE ONLY public.assetmanager_asset
    ADD CONSTRAINT assetmanager_asset_asset_type_id_f3bec231_fk_assetmana FOREIGN KEY (asset_type_id) REFERENCES public.assetmanager_assettype(id) DEFERRABLE INITIALLY DEFERRED;


--
-- Name: assetmanager_asset assetmanager_asset_checked_out_to_branc_207aee80_fk_core_bran; Type: FK CONSTRAINT; Schema: public; Owner: irrnet_admin
--

ALTER TABLE ONLY public.assetmanager_asset
    ADD CONSTRAINT assetmanager_asset_checked_out_to_branc_207aee80_fk_core_bran FOREIGN KEY (checked_out_to_branch_id) REFERENCES public.core_branch(id) DEFERRABLE INITIALLY DEFERRED;


--
-- Name: assetmanager_asset assetmanager_asset_checked_out_to_user__3f6ecc96_fk_auth_user; Type: FK CONSTRAINT; Schema: public; Owner: irrnet_admin
--

ALTER TABLE ONLY public.assetmanager_asset
    ADD CONSTRAINT assetmanager_asset_checked_out_to_user__3f6ecc96_fk_auth_user FOREIGN KEY (checked_out_to_user_id) REFERENCES public.auth_user(id) DEFERRABLE INITIALLY DEFERRED;


--
-- Name: assetmanager_asset assetmanager_asset_model_type_id_f4987b15_fk_assetmana; Type: FK CONSTRAINT; Schema: public; Owner: irrnet_admin
--

ALTER TABLE ONLY public.assetmanager_asset
    ADD CONSTRAINT assetmanager_asset_model_type_id_f4987b15_fk_assetmana FOREIGN KEY (model_type_id) REFERENCES public.assetmanager_modeltype(id) DEFERRABLE INITIALLY DEFERRED;


--
-- Name: assetmanager_asset assetmanager_asset_status_type_id_4a2a73b1_fk_assetmana; Type: FK CONSTRAINT; Schema: public; Owner: irrnet_admin
--

ALTER TABLE ONLY public.assetmanager_asset
    ADD CONSTRAINT assetmanager_asset_status_type_id_4a2a73b1_fk_assetmana FOREIGN KEY (status_type_id) REFERENCES public.assetmanager_status(id) DEFERRABLE INITIALLY DEFERRED;


--
-- Name: assetmanager_modeltype assetmanager_modelty_brand_id_edc1bd0b_fk_assetmana; Type: FK CONSTRAINT; Schema: public; Owner: irrnet_admin
--

ALTER TABLE ONLY public.assetmanager_modeltype
    ADD CONSTRAINT assetmanager_modelty_brand_id_edc1bd0b_fk_assetmana FOREIGN KEY (brand_id) REFERENCES public.assetmanager_brand(id) DEFERRABLE INITIALLY DEFERRED;


--
-- Name: auth_group_permissions auth_group_permissio_permission_id_84c5c92e_fk_auth_perm; Type: FK CONSTRAINT; Schema: public; Owner: irrnet_admin
--

ALTER TABLE ONLY public.auth_group_permissions
    ADD CONSTRAINT auth_group_permissio_permission_id_84c5c92e_fk_auth_perm FOREIGN KEY (permission_id) REFERENCES public.auth_permission(id) DEFERRABLE INITIALLY DEFERRED;


--
-- Name: auth_group_permissions auth_group_permissions_group_id_b120cbf9_fk_auth_group_id; Type: FK CONSTRAINT; Schema: public; Owner: irrnet_admin
--

ALTER TABLE ONLY public.auth_group_permissions
    ADD CONSTRAINT auth_group_permissions_group_id_b120cbf9_fk_auth_group_id FOREIGN KEY (group_id) REFERENCES public.auth_group(id) DEFERRABLE INITIALLY DEFERRED;


--
-- Name: auth_permission auth_permission_content_type_id_2f476e4b_fk_django_co; Type: FK CONSTRAINT; Schema: public; Owner: irrnet_admin
--

ALTER TABLE ONLY public.auth_permission
    ADD CONSTRAINT auth_permission_content_type_id_2f476e4b_fk_django_co FOREIGN KEY (content_type_id) REFERENCES public.django_content_type(id) DEFERRABLE INITIALLY DEFERRED;


--
-- Name: auth_user_groups auth_user_groups_group_id_97559544_fk_auth_group_id; Type: FK CONSTRAINT; Schema: public; Owner: irrnet_admin
--

ALTER TABLE ONLY public.auth_user_groups
    ADD CONSTRAINT auth_user_groups_group_id_97559544_fk_auth_group_id FOREIGN KEY (group_id) REFERENCES public.auth_group(id) DEFERRABLE INITIALLY DEFERRED;


--
-- Name: auth_user_groups auth_user_groups_user_id_6a12ed8b_fk_auth_user_id; Type: FK CONSTRAINT; Schema: public; Owner: irrnet_admin
--

ALTER TABLE ONLY public.auth_user_groups
    ADD CONSTRAINT auth_user_groups_user_id_6a12ed8b_fk_auth_user_id FOREIGN KEY (user_id) REFERENCES public.auth_user(id) DEFERRABLE INITIALLY DEFERRED;


--
-- Name: auth_user_user_permissions auth_user_user_permi_permission_id_1fbb5f2c_fk_auth_perm; Type: FK CONSTRAINT; Schema: public; Owner: irrnet_admin
--

ALTER TABLE ONLY public.auth_user_user_permissions
    ADD CONSTRAINT auth_user_user_permi_permission_id_1fbb5f2c_fk_auth_perm FOREIGN KEY (permission_id) REFERENCES public.auth_permission(id) DEFERRABLE INITIALLY DEFERRED;


--
-- Name: auth_user_user_permissions auth_user_user_permissions_user_id_a95ead1b_fk_auth_user_id; Type: FK CONSTRAINT; Schema: public; Owner: irrnet_admin
--

ALTER TABLE ONLY public.auth_user_user_permissions
    ADD CONSTRAINT auth_user_user_permissions_user_id_a95ead1b_fk_auth_user_id FOREIGN KEY (user_id) REFERENCES public.auth_user(id) DEFERRABLE INITIALLY DEFERRED;


--
-- Name: core_branch core_branch_region_id_5b32910c_fk_core_region_id; Type: FK CONSTRAINT; Schema: public; Owner: irrnet_admin
--

ALTER TABLE ONLY public.core_branch
    ADD CONSTRAINT core_branch_region_id_5b32910c_fk_core_region_id FOREIGN KEY (region_id) REFERENCES public.core_region(id) DEFERRABLE INITIALLY DEFERRED;


--
-- Name: core_department_managers core_department_mana_department_id_8f921c4d_fk_core_depa; Type: FK CONSTRAINT; Schema: public; Owner: irrnet_admin
--

ALTER TABLE ONLY public.core_department_managers
    ADD CONSTRAINT core_department_mana_department_id_8f921c4d_fk_core_depa FOREIGN KEY (department_id) REFERENCES public.core_department(id) DEFERRABLE INITIALLY DEFERRED;


--
-- Name: core_department_managers core_department_managers_user_id_2fe66669_fk_auth_user_id; Type: FK CONSTRAINT; Schema: public; Owner: irrnet_admin
--

ALTER TABLE ONLY public.core_department_managers
    ADD CONSTRAINT core_department_managers_user_id_2fe66669_fk_auth_user_id FOREIGN KEY (user_id) REFERENCES public.auth_user(id) DEFERRABLE INITIALLY DEFERRED;


--
-- Name: core_region core_region_manager_id_a794cd49_fk_auth_user_id; Type: FK CONSTRAINT; Schema: public; Owner: irrnet_admin
--

ALTER TABLE ONLY public.core_region
    ADD CONSTRAINT core_region_manager_id_a794cd49_fk_auth_user_id FOREIGN KEY (manager_id) REFERENCES public.auth_user(id) DEFERRABLE INITIALLY DEFERRED;


--
-- Name: core_role core_role_department_id_6f8926cb_fk_core_department_id; Type: FK CONSTRAINT; Schema: public; Owner: irrnet_admin
--

ALTER TABLE ONLY public.core_role
    ADD CONSTRAINT core_role_department_id_6f8926cb_fk_core_department_id FOREIGN KEY (department_id) REFERENCES public.core_department(id) DEFERRABLE INITIALLY DEFERRED;


--
-- Name: core_userprofile core_userprofile_branch_id_6bf6e1f8_fk_core_branch_id; Type: FK CONSTRAINT; Schema: public; Owner: irrnet_admin
--

ALTER TABLE ONLY public.core_userprofile
    ADD CONSTRAINT core_userprofile_branch_id_6bf6e1f8_fk_core_branch_id FOREIGN KEY (branch_id) REFERENCES public.core_branch(id) DEFERRABLE INITIALLY DEFERRED;


--
-- Name: core_userprofile core_userprofile_department_id_3c5d8762_fk_core_department_id; Type: FK CONSTRAINT; Schema: public; Owner: irrnet_admin
--

ALTER TABLE ONLY public.core_userprofile
    ADD CONSTRAINT core_userprofile_department_id_3c5d8762_fk_core_department_id FOREIGN KEY (department_id) REFERENCES public.core_department(id) DEFERRABLE INITIALLY DEFERRED;


--
-- Name: core_userprofile core_userprofile_role_id_391ca017_fk_core_role_id; Type: FK CONSTRAINT; Schema: public; Owner: irrnet_admin
--

ALTER TABLE ONLY public.core_userprofile
    ADD CONSTRAINT core_userprofile_role_id_391ca017_fk_core_role_id FOREIGN KEY (role_id) REFERENCES public.core_role(id) DEFERRABLE INITIALLY DEFERRED;


--
-- Name: core_userprofile core_userprofile_user_id_5141ad90_fk_auth_user_id; Type: FK CONSTRAINT; Schema: public; Owner: irrnet_admin
--

ALTER TABLE ONLY public.core_userprofile
    ADD CONSTRAINT core_userprofile_user_id_5141ad90_fk_auth_user_id FOREIGN KEY (user_id) REFERENCES public.auth_user(id) DEFERRABLE INITIALLY DEFERRED;


--
-- Name: django_admin_log django_admin_log_content_type_id_c4bce8eb_fk_django_co; Type: FK CONSTRAINT; Schema: public; Owner: irrnet_admin
--

ALTER TABLE ONLY public.django_admin_log
    ADD CONSTRAINT django_admin_log_content_type_id_c4bce8eb_fk_django_co FOREIGN KEY (content_type_id) REFERENCES public.django_content_type(id) DEFERRABLE INITIALLY DEFERRED;


--
-- Name: django_admin_log django_admin_log_user_id_c564eba6_fk_auth_user_id; Type: FK CONSTRAINT; Schema: public; Owner: irrnet_admin
--

ALTER TABLE ONLY public.django_admin_log
    ADD CONSTRAINT django_admin_log_user_id_c564eba6_fk_auth_user_id FOREIGN KEY (user_id) REFERENCES public.auth_user(id) DEFERRABLE INITIALLY DEFERRED;


--
-- Name: documents_document documents_document_department_id_2687ca96_fk_core_department_id; Type: FK CONSTRAINT; Schema: public; Owner: irrnet_admin
--

ALTER TABLE ONLY public.documents_document
    ADD CONSTRAINT documents_document_department_id_2687ca96_fk_core_department_id FOREIGN KEY (department_id) REFERENCES public.core_department(id) DEFERRABLE INITIALLY DEFERRED;


--
-- Name: documents_document documents_document_folder_id_f2e8c7fd_fk_documents_folder_id; Type: FK CONSTRAINT; Schema: public; Owner: irrnet_admin
--

ALTER TABLE ONLY public.documents_document
    ADD CONSTRAINT documents_document_folder_id_f2e8c7fd_fk_documents_folder_id FOREIGN KEY (folder_id) REFERENCES public.documents_folder(id) DEFERRABLE INITIALLY DEFERRED;


--
-- Name: documents_document documents_document_uploaded_by_id_cc1ba81a_fk_auth_user_id; Type: FK CONSTRAINT; Schema: public; Owner: irrnet_admin
--

ALTER TABLE ONLY public.documents_document
    ADD CONSTRAINT documents_document_uploaded_by_id_cc1ba81a_fk_auth_user_id FOREIGN KEY (uploaded_by_id) REFERENCES public.auth_user(id) DEFERRABLE INITIALLY DEFERRED;


--
-- Name: documents_folder documents_folder_department_id_1db7a1e2_fk_core_department_id; Type: FK CONSTRAINT; Schema: public; Owner: irrnet_admin
--

ALTER TABLE ONLY public.documents_folder
    ADD CONSTRAINT documents_folder_department_id_1db7a1e2_fk_core_department_id FOREIGN KEY (department_id) REFERENCES public.core_department(id) DEFERRABLE INITIALLY DEFERRED;


--
-- Name: documents_folder documents_folder_parent_id_55715a39_fk_documents_folder_id; Type: FK CONSTRAINT; Schema: public; Owner: irrnet_admin
--

ALTER TABLE ONLY public.documents_folder
    ADD CONSTRAINT documents_folder_parent_id_55715a39_fk_documents_folder_id FOREIGN KEY (parent_id) REFERENCES public.documents_folder(id) DEFERRABLE INITIALLY DEFERRED;


--
-- Name: helpdesk_ticket helpdesk_ticket_assigned_to_id_0716992e_fk_auth_user_id; Type: FK CONSTRAINT; Schema: public; Owner: irrnet_admin
--

ALTER TABLE ONLY public.helpdesk_ticket
    ADD CONSTRAINT helpdesk_ticket_assigned_to_id_0716992e_fk_auth_user_id FOREIGN KEY (assigned_to_id) REFERENCES public.auth_user(id) DEFERRABLE INITIALLY DEFERRED;


--
-- Name: helpdesk_ticket helpdesk_ticket_branch_id_8681d0bd_fk_core_branch_id; Type: FK CONSTRAINT; Schema: public; Owner: irrnet_admin
--

ALTER TABLE ONLY public.helpdesk_ticket
    ADD CONSTRAINT helpdesk_ticket_branch_id_8681d0bd_fk_core_branch_id FOREIGN KEY (branch_id) REFERENCES public.core_branch(id) DEFERRABLE INITIALLY DEFERRED;


--
-- Name: helpdesk_ticket helpdesk_ticket_created_by_id_d27fab9b_fk_auth_user_id; Type: FK CONSTRAINT; Schema: public; Owner: irrnet_admin
--

ALTER TABLE ONLY public.helpdesk_ticket
    ADD CONSTRAINT helpdesk_ticket_created_by_id_d27fab9b_fk_auth_user_id FOREIGN KEY (created_by_id) REFERENCES public.auth_user(id) DEFERRABLE INITIALLY DEFERRED;


--
-- Name: helpdesk_ticketcomment helpdesk_ticketcomment_author_id_4f313b97_fk_auth_user_id; Type: FK CONSTRAINT; Schema: public; Owner: irrnet_admin
--

ALTER TABLE ONLY public.helpdesk_ticketcomment
    ADD CONSTRAINT helpdesk_ticketcomment_author_id_4f313b97_fk_auth_user_id FOREIGN KEY (author_id) REFERENCES public.auth_user(id) DEFERRABLE INITIALLY DEFERRED;


--
-- Name: helpdesk_ticketcomment helpdesk_ticketcomment_ticket_id_db78abb4_fk_helpdesk_ticket_id; Type: FK CONSTRAINT; Schema: public; Owner: irrnet_admin
--

ALTER TABLE ONLY public.helpdesk_ticketcomment
    ADD CONSTRAINT helpdesk_ticketcomment_ticket_id_db78abb4_fk_helpdesk_ticket_id FOREIGN KEY (ticket_id) REFERENCES public.helpdesk_ticket(id) DEFERRABLE INITIALLY DEFERRED;


--
-- Name: SCHEMA public; Type: ACL; Schema: -; Owner: irrnet_admin
--

REVOKE USAGE ON SCHEMA public FROM PUBLIC;


--
-- PostgreSQL database dump complete
--

